<?xml version='1.0' encoding='UTF-8' standalone='no'?>
<doxygen xmlns:xsi="http://www.w3.org/2001/XMLSchema-instance" xsi:noNamespaceSchemaLocation="compound.xsd" version="1.8.11">
  <compounddef id="dir_68267d1309a1af8e8297ef4c3efbcdba" kind="dir">
    <compoundname>/Users/alex/Workspace/develop/uarm_metal/uarm4arduino/src</compoundname>
    <innerfile refid="linreg_8cpp">linreg.cpp</innerfile>
    <innerfile refid="linreg_8h">linreg.h</innerfile>
    <innerfile refid="_servo_timers_8h">ServoTimers.h</innerfile>
    <innerfile refid="uarm__library_8cpp">uarm_library.cpp</innerfile>
    <innerfile refid="uarm__library_8h">uarm_library.h</innerfile>
    <innerfile refid="_u_f_servo_8cpp">UFServo.cpp</innerfile>
    <innerfile refid="_u_f_servo_8h">UFServo.h</innerfile>
    <briefdescription>
    </briefdescription>
    <detaileddescription>
    </detaileddescription>
    <location file="/Users/alex/Workspace/develop/uarm_metal/uarm4arduino/src/"/>
  </compounddef>
</doxygen>
