<?xml version='1.0' encoding='UTF-8' standalone='no'?>
<doxygen xmlns:xsi="http://www.w3.org/2001/XMLSchema-instance" xsi:noNamespaceSchemaLocation="compound.xsd" version="1.8.11">
  <compounddef id="dir_1a98773d75fe27b428f3720cd80183e4" kind="dir">
    <compoundname>/Users/alex/Workspace/develop/uarm_metal/uarm4arduino/examples/UArmTextControl2.0</compoundname>
    <innerfile refid="_u_arm_text_control2_80_8ino">UArmTextControl2.0.ino</innerfile>
    <briefdescription>
    </briefdescription>
    <detaileddescription>
    </detaileddescription>
    <location file="/Users/alex/Workspace/develop/uarm_metal/uarm4arduino/examples/UArmTextControl2.0/"/>
  </compounddef>
</doxygen>
